Model Number,L,R,I_DC_Vortex,rango_I_in,I_th,T_relax,Accuracy_Train,Accuracy_Test
1,2e-09,5e-08,0.00375,4,0.0001829945587396012,4.416495590703047e-11,0.9273472429210134,0.8933333333333333
2,2e-09,5.25e-08,0.00375,4,0.00020175150101041036,4.894926144019676e-11,0.9236214605067065,0.9066666666666666
3,2e-09,5.4999999999999996e-08,0.00375,4,0.00022142341607491744,5.402159411497843e-11,0.9310730253353204,0.9066666666666666
4,2e-09,5.75e-08,0.00375,4,0.0002420103039331226,5.939076846000061e-11,0.9314456035767511,0.9066666666666666
5,2e-09,6e-08,0.00375,4,0.0002635121645850257,6.506626997627252e-11,0.9321907600596125,0.89
6,2e-09,6.25e-08,0.00375,4,0.0002859289980306269,7.105830012931386e-11,0.9336810730253353,0.9
7,2e-09,6.5e-08,0.00375,4,0.000309260804269926,7.73778258482506e-11,0.9344262295081968,0.9066666666666666
8,2e-09,6.75e-08,0.00375,4,0.00033350758330292325,8.403663400881892e-11,0.9307004470938898,0.88
9,2e-09,6.999999999999999e-08,0.00375,4,0.00035866933512961833,9.104739143956989e-11,0.922876304023845,0.8933333333333333
10,2e-09,7.25e-08,0.00375,4,0.00038474605975001157,9.842371106194311e-11,0.9143070044709389,0.8833333333333333
11,2e-09,7.5e-08,0.00375,4,0.0004117377571641027,1.0618022485676296e-10,0.9217585692995529,0.89
12,2e-09,7.75e-08,0.00375,4,0.0004396444273718919,1.1433266444389016e-10,0.9124441132637854,0.8666666666666667
13,2e-09,8e-08,0.00375,4,0.00046846607037337906,1.228979501703339e-10,0.9061102831594635,0.8766666666666667
14,2e-09,8.25e-08,0.00375,4,0.0004982026861685643,1.318942897276079e-10,0.8982861400894188,0.8533333333333334
15,2e-09,8.500000000000001e-08,0.00375,4,0.0005288542747574476,1.4134128746449461e-10,0.8979135618479881,0.87
16,2e-09,8.75e-08,0.00375,4,0.0005604208361400286,1.5126006573025074e-10,0.8934426229508197,0.8433333333333334
17,2e-09,9e-08,0.00375,4,0.000592902370316308,1.616733997799635e-10,0.8714605067064084,0.8333333333333334
18,2e-09,9.25e-08,0.00375,4,0.0006262988772862852,1.7260586800344066e-10,0.8643815201192251,0.83
19,2e-09,9.499999999999999e-08,0.00375,4,0.0006606103570499602,1.8408401950798622e-10,0.8386736214605067,0.78
20,2e-09,9.749999999999999e-08,0.00375,4,0.0006958368096073336,1.9613656140129164e-10,0.7429210134128167,0.66
21,2e-09,1e-07,0.00375,4,0.0007319782349584048,2.0879456849275845e-10,0.7563338301043219,0.6666666666666666
22,3e-09,5e-08,0.00375,4,0.00027449183810940173,6.799148384723121e-11,0.9307004470938898,0.87
23,3e-09,5.25e-08,0.00375,4,0.00030262725151561555,7.557239502524913e-11,0.9318181818181818,0.8866666666666667
24,3e-09,5.4999999999999996e-08,0.00375,4,0.0003321351241123761,8.365719781604026e-11,0.9269746646795827,0.8766666666666667
25,3e-09,5.75e-08,0.00375,4,0.00036301545589968384,9.226889040374304e-11,0.9213859910581222,0.89
26,3e-09,6e-08,0.00375,4,0.00039526824687753854,1.0143259228861791e-10,0.9102086438152012,0.8633333333333333
27,3e-09,6.25e-08,0.00375,4,0.0004288934970459403,1.1117574671645402e-10,0.9146795827123696,0.8866666666666667
28,3e-09,6.5e-08,0.00375,4,0.000463891206404889,1.2152834933312398e-10,0.9076005961251863,0.89
29,3e-09,6.75e-08,0.00375,4,0.0005002613749543848,1.3252320691414718e-10,0.9027570789865872,0.8733333333333333
30,3e-09,6.999999999999999e-08,0.00375,4,0.0005380040026944274,1.441962306947866e-10,0.8982861400894188,0.8633333333333333
31,3e-09,7.25e-08,0.00375,4,0.0005771190896250172,1.565867696367867e-10,0.8695976154992549,0.8333333333333334
32,3e-09,7.5e-08,0.00375,4,0.000617606635746154,1.6973798994411631e-10,0.8722056631892697,0.8466666666666667
33,3e-09,7.75e-08,0.00375,4,0.0006594666410578378,1.8369730832065798e-10,0.8364381520119225,0.77
34,3e-09,8e-08,0.00375,4,0.0007026991055600687,1.9851688789644507e-10,0.8226527570789866,0.7466666666666667
35,3e-09,8.25e-08,0.00375,4,0.0007473040292528465,2.142542074976808e-10,0.5968703427719821,0.4633333333333333
36,3e-09,8.500000000000001e-08,0.00375,4,0.0007932814121361713,2.309727170782934e-10,0.5201192250372578,0.27666666666666667
37,3e-09,8.75e-08,0.00375,4,0.0008406312542100429,2.487425947684229e-10,0.5421013412816692,0.2633333333333333
38,3e-09,9e-08,0.00375,4,0.0008893535554744618,2.6764162425857756e-10,0.5201192250372578,0.26666666666666666
39,3e-09,9.25e-08,0.00375,4,0.0009394483159294276,2.877562152967248e-10,0.5204918032786885,0.25333333333333335
40,3e-09,9.499999999999999e-08,0.00375,4,0.0009909155355749403,3.091825951506853e-10,0.6248137108792846,0.48333333333333334
41,3e-09,9.749999999999999e-08,0.00375,4,0.001043755214411,3.3202820527096514e-10,0.5901639344262295,0.47333333333333333
42,3e-09,1e-07,0.00375,4,0.001097967352437607,3.564133454651152e-10,0.28241430700447095,0.28
43,3.9999999999999994e-09,5e-08,0.00375,4,0.00036598911747920225,9.310646064828961e-11,0.9213859910581222,0.8666666666666667
44,3.9999999999999994e-09,5.25e-08,0.00375,4,0.0004035030020208206,1.0380056730169385e-10,0.9217585692995529,0.8833333333333333
45,3.9999999999999994e-09,5.4999999999999996e-08,0.00375,4,0.0004428468321498347,1.1527699041791351e-10,0.915424739195231,0.89
46,3.9999999999999994e-09,5.75e-08,0.00375,4,0.00048402060786624507,1.2758329357556664e-10,0.9046199701937406,0.86
47,3.9999999999999994e-09,6e-08,0.00375,4,0.0005270243291700513,1.407722439987788e-10,0.9001490312965723,0.8666666666666667
48,3.9999999999999994e-09,6.25e-08,0.00375,4,0.0005718579960612537,1.549024534599976e-10,0.8863636363636364,0.85
49,3.9999999999999994e-09,6.5e-08,0.00375,4,0.0006185216085398519,1.7003912209805178e-10,0.8759314456035767,0.8466666666666667
50,3.9999999999999994e-09,6.75e-08,0.00375,4,0.0006670151666058464,1.8625490447177359e-10,0.8245156482861401,0.75
51,3.9999999999999994e-09,6.999999999999999e-08,0.00375,4,0.0007173386702592364,2.0363092147309743e-10,0.793591654247392,0.73
52,3.9999999999999994e-09,7.25e-08,0.00375,4,0.0007694921195000228,2.2225794713192861e-10,0.4798807749627422,0.2966666666666667
53,3.9999999999999994e-09,7.5e-08,0.00375,4,0.0008234755143282052,2.4223780618311847e-10,0.5201192250372578,0.29
54,3.9999999999999994e-09,7.75e-08,0.00375,4,0.0008792888547437837,2.6368502696670386e-10,0.5070789865871833,0.25666666666666665
55,3.9999999999999994e-09,8e-08,0.00375,4,0.000936932140746758,2.867288053780337e-10,0.5271982116244411,0.2633333333333333
56,3.9999999999999994e-09,8.25e-08,0.00375,4,0.0009964053723371283,3.115153499627256e-10,0.6099105812220567,0.49
57,3.9999999999999994e-09,8.500000000000001e-08,0.00375,4,0.0010577085495148948,3.382106969395914e-10,0.5726527570789866,0.5
58,3.9999999999999994e-09,8.75e-08,0.00375,4,0.0011208416722800572,3.6700410841799136e-10,0.34463487332339793,0.31
59,3.9999999999999994e-09,9e-08,0.00375,4,0.0011858047406326157,3.9811219942287284e-10,0.10022354694485842,0.1
60,3.9999999999999994e-09,9.25e-08,0.00375,4,0.00125259775457257,4.317839824613787e-10,0.10022354694485842,0.1
61,3.9999999999999994e-09,9.499999999999999e-08,0.00375,4,0.0013212207140999202,4.68307076400175e-10,0.10022354694485842,0.1
62,3.9999999999999994e-09,9.749999999999999e-08,0.00375,4,0.0013916736192146667,5.080154053337902e-10,0.10022354694485842,0.1
63,3.9999999999999994e-09,1e-07,0.00375,4,0.001463956469916809,5.512988216026502e-10,0.10022354694485842,0.1
64,5e-09,5e-08,0.00375,4,0.0004574863968490029,1.196173023268892e-10,0.9061102831594635,0.87
65,5e-09,5.25e-08,0.00375,4,0.0005043787525260259,1.3378343481005625e-10,0.9083457526080477,0.8733333333333333
66,5e-09,5.4999999999999996e-08,0.00375,4,0.0005535585401872934,1.4908714457700964e-10,0.893070044709389,0.83
67,5e-09,5.75e-08,0.00375,4,0.0006050257598328064,1.6561519100717648e-10,0.8863636363636364,0.8533333333333334
68,5e-09,6e-08,0.00375,4,0.0006587804114625642,1.834654189638406e-10,0.819672131147541,0.7466666666666667
69,5e-09,6.25e-08,0.00375,4,0.000714822495076567,2.027484360699706e-10,0.797317436661699,0.7333333333333333
70,5e-09,6.5e-08,0.00375,4,0.000773152010674815,2.235896149477254e-10,0.48472429210134127,0.31666666666666665
71,5e-09,6.75e-08,0.00375,4,0.000833768958257308,2.4613149533267513e-10,0.5309239940387481,0.3
72,5e-09,6.999999999999999e-08,0.00375,4,0.0008966733378240456,2.705366814800659e-10,0.4936661698956781,0.23666666666666666
73,5e-09,7.25e-08,0.00375,4,0.0009618651493750286,2.969913573145376e-10,0.6318926974664679,0.38
74,5e-09,7.5e-08,0.00375,4,0.0010293443929102566,3.257095777314468e-10,0.6173621460506706,0.54
75,5e-09,7.75e-08,0.00375,4,0.0010991110684297296,3.56938542735413e-10,0.27831594634873325,0.27666666666666667
76,5e-09,8e-08,0.00375,4,0.0011711651759334476,3.9096512657755284e-10,0.10208643815201192,0.10666666666666667
77,5e-09,8.25e-08,0.00375,4,0.0012455067154214109,4.281240238163655e-10,0.10022354694485842,0.1
78,5e-09,8.500000000000001e-08,0.00375,4,0.0013221356868936187,4.688079987200942e-10,0.10022354694485842,0.1
79,5e-09,8.75e-08,0.00375,4,0.0014010520903500715,5.134808992520395e-10,0.10022354694485842,0.1
80,5e-09,9e-08,0.00375,4,0.0014822559257907696,5.626943457080923e-10,0.10022354694485842,0.1
81,5e-09,9.25e-08,0.00375,4,0.0015657471932157129,6.171093634338753e-10,0.10022354694485842,0.1
82,5e-09,9.499999999999999e-08,0.00375,4,0.0016515258926249007,6.775247563239652e-10,0.10022354694485842,0.1
83,5e-09,9.749999999999999e-08,0.00375,4,0.0017395920240183336,7.449148049533487e-10,0.10022354694485842,0.1
84,5e-09,1e-07,0.00375,4,0.0018299455873960115,8.204800707691987e-10,0.10022354694485842,0.1
85,5.999999999999999e-09,5e-08,0.00375,4,0.0005489836762188035,1.476437063407224e-10,0.8934426229508197,0.8466666666666667
86,5.999999999999999e-09,5.25e-08,0.00375,4,0.0006052545030312309,1.6568985655523647e-10,0.8852459016393442,0.8533333333333334
87,5.999999999999999e-09,5.4999999999999996e-08,0.00375,4,0.0006642702482247521,1.85323421706732e-10,0.815946348733234,0.7433333333333333
88,5.999999999999999e-09,5.75e-08,0.00375,4,0.0007260309117993676,2.06690807070862e-10,0.7805514157973175,0.6966666666666667
89,5.999999999999999e-09,6e-08,0.00375,4,0.0007905364937550769,2.2996001635709287e-10,0.53725782414307,0.32666666666666666
90,5.999999999999999e-09,6.25e-08,0.00375,4,0.0008577869940918806,2.5532455226260647e-10,0.5026080476900149,0.21333333333333335
91,5.999999999999999e-09,6.5e-08,0.00375,4,0.0009277824128097778,2.830082125682395e-10,0.5342771982116244,0.28
92,5.999999999999999e-09,6.75e-08,0.00375,4,0.0010005227499087694,3.132710293998804e-10,0.6240685543964233,0.38666666666666666
93,5.999999999999999e-09,6.999999999999999e-08,0.00375,4,0.0010760080053888546,3.4641668094115465e-10,0.46236959761549923,0.39
94,5.999999999999999e-09,7.25e-08,0.00375,4,0.0011542381792500342,3.8280181812235864e-10,0.11512667660208643,0.11333333333333333
95,5.999999999999999e-09,7.5e-08,0.00375,4,0.0012352132714923078,4.228479078050849e-10,0.10022354694485842,0.1
96,5.999999999999999e-09,7.75e-08,0.00375,4,0.0013189332821156754,4.670564202425073e-10,0.10022354694485842,0.1
97,5.999999999999999e-09,8e-08,0.00375,4,0.001405398211120137,5.160285153047501e-10,0.10022354694485842,0.1
98,5.999999999999999e-09,8.25e-08,0.00375,4,0.0014946080585056926,5.704908612404336e-10,0.10022354694485842,0.1
99,5.999999999999999e-09,8.500000000000001e-08,0.00375,4,0.0015865628242723424,6.313299351020971e-10,0.10022354694485842,0.1
100,5.999999999999999e-09,8.75e-08,0.00375,4,0.0016812625084200855,6.996382420790004e-10,0.10022354694485842,0.1
101,5.999999999999999e-09,9e-08,0.00375,4,0.0017787071109489233,7.767775809417047e-10,0.10022354694485842,0.1
102,5.999999999999999e-09,9.25e-08,0.00375,4,0.0018788966318588549,8.644671687031844e-10,0.10022354694485842,0.1
103,5.999999999999999e-09,9.499999999999999e-08,0.00375,4,0.00198183107114988,9.649088172877726e-10,0.10022354694485842,0.1
104,5.999999999999999e-09,9.749999999999999e-08,0.00375,4,0.002087510428822,1.0809687047195524e-09,0.10022354694485842,0.1
105,5.999999999999999e-09,1e-07,0.00375,4,0.002195934704875214,1.2164480233432169e-09,0.10022354694485842,0.1
106,7e-09,5e-08,0.00375,4,0.000640480955588604,1.7731945848920899e-10,0.8528315946348733,0.8233333333333334
107,7e-09,5.25e-08,0.00375,4,0.0007061302535364361,1.9971107591501254e-10,0.8152011922503726,0.7466666666666667
108,7e-09,5.4999999999999996e-08,0.00375,4,0.000774981956262211,2.2425667752698356e-10,0.48770491803278687,0.31
109,7e-09,5.75e-08,0.00375,4,0.0008470360637659291,2.5119075858830065e-10,0.507451564828614,0.29
110,7e-09,6e-08,0.00375,4,0.0009222925760475898,2.807874142009237e-10,0.5063338301043219,0.21
111,7e-09,6.25e-08,0.00375,4,0.001000751493107194,3.1336872133791626e-10,0.6248137108792846,0.37666666666666665
112,7e-09,6.5e-08,0.00375,4,0.0010824128149447409,3.493153735285609e-10,0.37481371087928467,0.34
113,7e-09,6.75e-08,0.00375,4,0.0011672765415602312,3.890803045799671e-10,0.10543964232488823,0.11333333333333333
114,7e-09,6.999999999999999e-08,0.00375,4,0.0012553426729536637,4.3320632665356565e-10,0.10022354694485842,0.1
115,7e-09,7.25e-08,0.00375,4,0.0013466112091250401,4.823492310231962e-10,0.10022354694485842,0.1
116,7e-09,7.5e-08,0.00375,4,0.0014410821500743592,5.373084298139946e-10,0.10022354694485842,0.1
117,7e-09,7.75e-08,0.00375,4,0.0015387554958016215,5.990681729443599e-10,0.10022354694485842,0.1
118,7e-09,8e-08,0.00375,4,0.0016396312463068266,6.688538551895729e-10,0.10022354694485842,0.1
119,7e-09,8.25e-08,0.00375,4,0.001743709401589975,7.482102746483621e-10,0.10022354694485842,0.1
120,7e-09,8.500000000000001e-08,0.00375,4,0.0018509899616510662,8.391125173268197e-10,0.10022354694485842,0.1
121,7e-09,8.75e-08,0.00375,4,0.0019614729264901,9.44126518368409e-10,0.10022354694485842,0.1
122,7e-09,9e-08,0.00375,4,0.0020751582961070773,1.0666473560733634e-09,0.10022354694485842,0.1
123,7e-09,9.25e-08,0.00375,4,0.0021920460705019975,1.2112630335934774e-09,0.10022354694485842,0.1
124,7e-09,9.499999999999999e-08,0.00375,4,0.0023121362496748604,1.384328258572448e-09,0.10022354694485842,0.1
125,7e-09,9.749999999999999e-08,0.00375,4,0.0024354288336256667,1.5949046997658165e-09,0.10022354694485842,0.1
126,7e-09,1e-07,0.00375,4,0.002561923822354416,1.8563733319174204e-09,0.10022354694485842,0.1
127,7.999999999999999e-09,5e-08,0.00375,4,0.0007319782349584045,2.0879456849275835e-10,0.7600596125186289,0.6933333333333334
128,7.999999999999999e-09,5.25e-08,0.00375,4,0.0008070060040416412,2.360645569380694e-10,0.46013412816691507,0.3333333333333333
129,7.999999999999999e-09,5.4999999999999996e-08,0.00375,4,0.0008856936642996694,2.661996444228944e-10,0.5141579731743666,0.2633333333333333
130,7.999999999999999e-09,5.75e-08,0.00375,4,0.0009680412157324901,2.9956188420531515e-10,0.6251862891207154,0.41333333333333333
131,7.999999999999999e-09,6e-08,0.00375,4,0.0010540486583401026,3.365828681884554e-10,0.5670640834575261,0.5166666666666667
132,7.999999999999999e-09,6.25e-08,0.00375,4,0.0011437159921225074,3.777807732130517e-10,0.15797317436661698,0.14
133,7.999999999999999e-09,6.5e-08,0.00375,4,0.0012370432170797038,4.2378272493338895e-10,0.10022354694485842,0.1
134,7.999999999999999e-09,6.75e-08,0.00375,4,0.0013340303332116928,4.753545158496143e-10,0.10022354694485842,0.1
135,7.999999999999999e-09,6.999999999999999e-08,0.00375,4,0.0014346773405184729,5.334406576655954e-10,0.10022354694485842,0.1
136,7.999999999999999e-09,7.25e-08,0.00375,4,0.0015389842390000456,5.992192137344734e-10,0.10022354694485842,0.1
137,7.999999999999999e-09,7.5e-08,0.00375,4,0.0016469510286564104,6.741781868231106e-10,0.10022354694485842,0.1
138,7.999999999999999e-09,7.75e-08,0.00375,4,0.0017585777094875673,7.6022403621456e-10,0.10022354694485842,0.1
139,7.999999999999999e-09,8e-08,0.00375,4,0.001873864281493516,8.598392736460628e-10,0.10022354694485842,0.1
140,7.999999999999999e-09,8.25e-08,0.00375,4,0.0019928107446742565,9.76317139991692e-10,0.10022354694485842,0.1
141,7.999999999999999e-09,8.500000000000001e-08,0.00375,4,0.0021154170990297897,1.1141212443769048e-09,0.10022354694485842,0.1
142,7.999999999999999e-09,8.75e-08,0.00375,4,0.0022416833445601143,1.279455351069087e-09,0.10022354694485842,0.1
143,7.999999999999999e-09,9e-08,0.00375,4,0.0023716094812652314,1.4812020259592109e-09,0.10022354694485842,0.1
144,7.999999999999999e-09,9.25e-08,0.00375,4,0.00250519550914514,1.7325424116972854e-09,0.10022354694485842,0.1
145,7.999999999999999e-09,9.499999999999999e-08,0.00375,4,0.0026424414281998403,2.0539130941896565e-09,0.10022354694485842,0.1
146,7.999999999999999e-09,9.749999999999999e-08,0.00375,4,0.0027833472384293334,2.478793171391458e-09,0.10022354694485842,0.1
147,7.999999999999999e-09,1e-07,0.00375,4,0.002927912939833618,3.0660818429915576e-09,0.10022354694485842,0.1
148,9e-09,5e-08,0.00375,4,0.0008234755143282052,2.4223780618311847e-10,0.5465722801788375,0.31333333333333335
149,9e-09,5.25e-08,0.00375,4,0.0009078817545468466,2.7499863761601013e-10,0.5134128166915052,0.22333333333333333
150,9e-09,5.4999999999999996e-08,0.00375,4,0.0009964053723371283,3.115153499627256e-10,0.6058122205663189,0.5133333333333333
151,9e-09,5.75e-08,0.00375,4,0.0010890463676990515,3.5233230136580503e-10,0.31706408345752607,0.3
152,9e-09,6e-08,0.00375,4,0.0011858047406326153,3.981121994228726e-10,0.10022354694485842,0.1
153,9e-09,6.25e-08,0.00375,4,0.0012866804911378208,4.496694327257652e-10,0.10022354694485842,0.1
154,9e-09,6.5e-08,0.00375,4,0.001391673619214667,5.080154053337904e-10,0.10022354694485842,0.1
155,9e-09,6.75e-08,0.00375,4,0.0015007841248631543,5.744212313959599e-10,0.10022354694485842,0.1
156,9e-09,6.999999999999999e-08,0.00375,4,0.001614012008083282,6.505060668472109e-10,0.10022354694485842,0.1
157,9e-09,7.25e-08,0.00375,4,0.0017313572688750516,7.383641957103103e-10,0.10022354694485842,0.1
158,9e-09,7.5e-08,0.00375,4,0.0018528199072384618,8.407522649926388e-10,0.10022354694485842,0.1
159,9e-09,7.75e-08,0.00375,4,0.001978399923173514,9.613727162337684e-10,0.10022354694485842,0.1
160,9e-09,8e-08,0.00375,4,0.0021080973166802057,1.1053164652093645e-09,0.10022354694485842,0.1
161,9e-09,8.25e-08,0.00375,4,0.002241912087758539,1.2797799922937882e-09,0.10022354694485842,0.1
162,9e-09,8.500000000000001e-08,0.00375,4,0.0023798442364085133,1.4952781516271826e-09,0.10022354694485842,0.1
163,9e-09,8.75e-08,0.00375,4,0.002521893762630128,1.7678045488535184e-09,0.10022354694485842,0.1
164,9e-09,9e-08,0.00375,4,0.002668060666423385,2.122932507624163e-09,0.10022354694485842,0.1
165,9e-09,9.25e-08,0.00375,4,0.0028183449477882827,2.604248365048943e-09,0.10022354694485842,0.1
166,9e-09,9.499999999999999e-08,0.00375,4,0.0029727466067248206,3.292597635461953e-09,0.10022354694485842,0.1
167,9e-09,9.749999999999999e-08,0.00375,4,0.0031312656432330005,4.3567142636693594e-09,0.10022354694485842,0.1
168,9e-09,1e-07,0.00375,4,0.0032939020573128207,6.217216126638252e-09,0.10022354694485842,0.1
169,9.999999999999999e-09,5e-08,0.00375,4,0.0009149727936980058,2.778397288096819e-10,0.5070789865871833,0.26666666666666666
170,9.999999999999999e-09,5.25e-08,0.00375,4,0.0010087575050520517,3.1679821057772767e-10,0.6311475409836066,0.4666666666666667
171,9.999999999999999e-09,5.4999999999999996e-08,0.00375,4,0.0011071170803745869,3.6062765135172003e-10,0.4918032786885246,0.43
172,9.999999999999999e-09,5.75e-08,0.00375,4,0.0012100515196656128,4.101307672424665e-10,0.10357675111773472,0.11
173,9.999999999999999e-09,6e-08,0.00375,4,0.0013175608229251284,4.663071556035829e-10,0.10022354694485842,0.1
174,9.999999999999999e-09,6.25e-08,0.00375,4,0.001429644990153134,5.304166730577955e-10,0.10022354694485842,0.1
175,9.999999999999999e-09,6.5e-08,0.00375,4,0.00154630402134963,6.040690749898846e-10,0.10022354694485842,0.1
176,9.999999999999999e-09,6.75e-08,0.00375,4,0.001667537916514616,6.893535423592086e-10,0.10022354694485842,0.1
177,9.999999999999999e-09,6.999999999999999e-08,0.00375,4,0.0017933466756480912,7.890304498568827e-10,0.10022354694485842,0.1
178,9.999999999999999e-09,7.25e-08,0.00375,4,0.0019237302987500573,9.068232946057608e-10,0.10022354694485842,0.1
179,9.999999999999999e-09,7.5e-08,0.00375,4,0.002058688785820513,1.0478776247785858e-09,0.10022354694485842,0.1
180,9.999999999999999e-09,7.75e-08,0.00375,4,0.002198222136859459,1.219510156270908e-09,0.10022354694485842,0.1
181,9.999999999999999e-09,8e-08,0.00375,4,0.002342330351866895,1.4324873520586777e-09,0.10022354694485842,0.1
182,9.999999999999999e-09,8.25e-08,0.00375,4,0.0024910134308428217,1.7033283259449739e-09,0.10022354694485842,0.1
183,9.999999999999999e-09,8.500000000000001e-08,0.00375,4,0.0026442713737872374,2.0587369862889442e-09,0.10022354694485842,0.1
184,9.999999999999999e-09,8.75e-08,0.00375,4,0.002802104180700143,2.544878583458957e-09,0.10022354694485842,0.1
185,9.999999999999999e-09,9e-08,0.00375,4,0.002964511851581539,3.249054159861789e-09,0.10022354694485842,0.1
186,9.999999999999999e-09,9.25e-08,0.00375,4,0.0031314943864314258,4.358643897817629e-09,0.10022354694485842,0.1
187,9.999999999999999e-09,9.499999999999999e-08,0.00375,4,0.0033030517852498014,6.362115839509941e-09,0.10022354694485842,0.1
188,9.999999999999999e-09,9.749999999999999e-08,0.00375,4,0.0034791840480366673,1.105978177760966e-08,0.10022354694485842,0.1
189,9.999999999999999e-09,1e-07,0.00375,4,0.003659891174792023,3.496586214941751e-08,0.10022354694485842,0.1
190,1.0999999999999998e-08,5e-08,0.00375,4,0.0010064700730678061,3.15816314113468e-10,0.6438152011922503,0.48333333333333334
191,1.0999999999999998e-08,5.25e-08,0.00375,4,0.0011096332555572566,3.617917059763074e-10,0.43889716840536513,0.3933333333333333
192,1.0999999999999998e-08,5.4999999999999996e-08,0.00375,4,0.0012178287884120455,4.1403453341325624e-10,0.10022354694485842,0.1
193,1.0999999999999998e-08,5.75e-08,0.00375,4,0.001331056671632174,4.737118507313881e-10,0.10022354694485842,0.1
194,1.0999999999999998e-08,6e-08,0.00375,4,0.001449316905217641,5.423129226507327e-10,0.10022354694485842,0.1
195,1.0999999999999998e-08,6.25e-08,0.00375,4,0.0015726094891684473,6.217674213076858e-10,0.10022354694485842,0.1
196,1.0999999999999998e-08,6.5e-08,0.00375,4,0.0017009344234845927,7.146199064115082e-10,0.10022354694485842,0.1
197,1.0999999999999998e-08,6.75e-08,0.00375,4,0.0018342917081660773,8.24294534934457e-10,0.10022354694485842,0.1
198,1.0999999999999998e-08,6.999999999999999e-08,0.00375,4,0.0019726813432129,9.555095545275168e-10,0.10022354694485842,0.1
199,1.0999999999999998e-08,7.25e-08,0.00375,4,0.0021161033286250627,1.1149507370779935e-09,0.10022354694485842,0.1
200,1.0999999999999998e-08,7.5e-08,0.00375,4,0.002264557664402564,1.3124143892662663e-09,0.10022354694485842,0.1
201,1.0999999999999998e-08,7.75e-08,0.00375,4,0.002418044350545405,1.5628521502696204e-09,0.10022354694485842,0.1
202,1.0999999999999998e-08,8e-08,0.00375,4,0.0025765633870535845,1.890273270015657e-09,0.10022354694485842,0.1
203,1.0999999999999998e-08,8.25e-08,0.00375,4,0.002740114773927103,2.335824084609787e-09,0.10022354694485842,0.1
204,1.0999999999999998e-08,8.500000000000001e-08,0.00375,4,0.0029086985111659606,2.976394187785526e-09,0.10022354694485842,0.1
205,1.0999999999999998e-08,8.75e-08,0.00375,4,0.0030823145987701568,3.9741886552971e-09,0.10022354694485842,0.1
206,1.0999999999999998e-08,9e-08,0.00375,4,0.003260963036739692,5.740471785689858e-09,0.10022354694485842,0.1
207,1.0999999999999998e-08,9.25e-08,0.00375,4,0.0034446438250745675,9.71138144137883e-09,0.10022354694485842,0.1
208,1.0999999999999998e-08,9.499999999999999e-08,0.00375,4,0.00363335696377478,2.6815916743745832e-08,0.10022354694485842,0.1
209,1.0999999999999998e-08,9.749999999999999e-08,0.00375,4,0.003827102452840333,-4.273121985488363e-08,0.10022354694485842,0.1
210,1.0999999999999998e-08,1e-07,0.00375,4,0.0040258802922712245,-1.2562716996571648e-08,0.10022354694485842,0.1
211,1.1999999999999998e-08,5e-08,0.00375,4,0.001097967352437607,3.564133454651152e-10,0.22988077496274217,0.19666666666666666
212,1.1999999999999998e-08,5.25e-08,0.00375,4,0.0012105090060624618,4.1035973865579857e-10,0.10283159463487332,0.10666666666666667
213,1.1999999999999998e-08,5.4999999999999996e-08,0.00375,4,0.0013285404964495041,4.723250545571872e-10,0.10022354694485842,0.1
214,1.1999999999999998e-08,5.75e-08,0.00375,4,0.0014520618235987352,5.439890575092527e-10,0.10022354694485842,0.1
215,1.1999999999999998e-08,6e-08,0.00375,4,0.0015810729875101537,6.275529534975423e-10,0.10022354694485842,0.1
216,1.1999999999999998e-08,6.25e-08,0.00375,4,0.0017155739881837611,7.259570871513995e-10,0.10022354694485842,0.1
217,1.1999999999999998e-08,6.5e-08,0.00375,4,0.0018555648256195557,8.432178262215434e-10,0.10022354694485842,0.1
218,1.1999999999999998e-08,6.75e-08,0.00375,4,0.002001045499817539,9.849673829225094e-10,0.10022354694485842,0.1
219,1.1999999999999998e-08,6.999999999999999e-08,0.00375,4,0.002152016010777709,1.1593550847618083e-09,0.10022354694485842,0.1
220,1.1999999999999998e-08,7.25e-08,0.00375,4,0.0023084763585000685,1.3786278848146636e-09,0.10022354694485842,0.1
221,1.1999999999999998e-08,7.5e-08,0.00375,4,0.0024704265429846156,1.6620730930224143e-09,0.10022354694485842,0.1
222,1.1999999999999998e-08,7.75e-08,0.00375,4,0.002637866564231351,2.041922816286866e-09,0.10022354694485842,0.1
223,1.1999999999999998e-08,8e-08,0.00375,4,0.002810796422240274,2.5763985758709656e-09,0.10022354694485842,0.1
224,1.1999999999999998e-08,8.25e-08,0.00375,4,0.0029892161170113852,3.382512484579215e-09,0.10022354694485842,0.1
225,1.1999999999999998e-08,8.500000000000001e-08,0.00375,4,0.0031731256485446847,4.7353211260092035e-09,0.10022354694485842,0.1
226,1.1999999999999998e-08,8.75e-08,0.00375,4,0.003362525016840171,7.47076804870714e-09,0.10022354694485842,0.1
227,1.1999999999999998e-08,9e-08,0.00375,4,0.0035574142218978465,1.590206854082919e-08,0.10022354694485842,0.1
228,1.1999999999999998e-08,9.25e-08,0.00375,4,0.0037577932637177097,-4.1510398970132123e-07,0.10022354694485842,0.1
229,1.1999999999999998e-08,9.499999999999999e-08,0.00375,4,0.00396366214229976,-1.5970276919793566e-08,0.10022354694485842,0.1
230,1.1999999999999998e-08,9.749999999999999e-08,0.00375,4,0.004175020857644,-8.456522384938147e-09,0.10022354694485842,0.1
231,1.1999999999999998e-08,1e-07,0.00375,4,0.004391869409750428,-5.890418292829631e-09,0.10022354694485842,0.1
232,1.2999999999999999e-08,5e-08,0.00375,4,0.0011894646318074075,3.99911737184839e-10,0.10022354694485842,0.1
233,1.2999999999999999e-08,5.25e-08,0.00375,4,0.001311384756567667,4.6294590151002733e-10,0.10022354694485842,0.1
234,1.2999999999999999e-08,5.4999999999999996e-08,0.00375,4,0.001439252204486963,5.36201164202615e-10,0.10022354694485842,0.1
235,1.2999999999999999e-08,5.75e-08,0.00375,4,0.0015730669755652966,6.220790026584773e-10,0.10022354694485842,0.1
236,1.2999999999999999e-08,6e-08,0.00375,4,0.0017128290698026668,7.238189540873827e-10,0.10022354694485842,0.1
237,1.2999999999999999e-08,6.25e-08,0.00375,4,0.0018585384871990746,8.458969263706868e-10,0.10022354694485842,0.1
238,1.2999999999999999e-08,6.5e-08,0.00375,4,0.002010195227754519,9.946748028305563e-10,0.10022354694485842,0.1
239,1.2999999999999999e-08,6.75e-08,0.00375,4,0.0021677992914690006,1.179508003150815e-09,0.10022354694485842,0.1
240,1.2999999999999999e-08,6.999999999999999e-08,0.00375,4,0.0023313506783425187,1.4147377635233042e-09,0.10022354694485842,0.1
241,1.2999999999999999e-08,7.25e-08,0.00375,4,0.002500849388375074,1.7235192133664382e-09,0.10022354694485842,0.1
242,1.2999999999999999e-08,7.5e-08,0.00375,4,0.0026762954215666674,2.1458168080090557e-09,0.10022354694485842,0.1
243,1.2999999999999999e-08,7.75e-08,0.00375,4,0.002857688777917297,2.7570330427393408e-09,0.10022354694485842,0.1
244,1.2999999999999999e-08,8e-08,0.00375,4,0.003045029457426964,3.718466940913703e-09,0.10022354694485842,0.1
245,1.2999999999999999e-08,8.25e-08,0.00375,4,0.003238317460095668,5.4483151434478144e-09,0.10022354694485842,0.1
246,1.2999999999999999e-08,8.500000000000001e-08,0.00375,4,0.0034375527859234084,9.471442253705136e-09,0.10022354694485842,0.1
247,1.2999999999999999e-08,8.75e-08,0.00375,4,0.0036427354349101854,2.9235784419828067e-08,0.10022354694485842,0.1
248,1.2999999999999999e-08,9e-08,0.00375,4,0.003853865407056001,-3.194250801130211e-08,0.10022354694485842,0.1
249,1.2999999999999999e-08,9.25e-08,0.00375,4,0.004070942702360853,-1.091970438358867e-08,0.10022354694485842,0.1
250,1.2999999999999999e-08,9.499999999999999e-08,0.00375,4,0.00429396732082474,-6.795623689028195e-09,0.10022354694485842,0.1
251,1.2999999999999999e-08,9.749999999999999e-08,0.00375,4,0.004522939262447667,-5.037543205481467e-09,0.10022354694485842,0.1
252,1.2999999999999999e-08,1e-07,0.00375,4,0.00475785852722963,-4.064015413083134e-09,0.10022354694485842,0.1
253,1.3999999999999998e-08,5e-08,0.00375,4,0.001280961911177208,4.4663404393230883e-10,0.10022354694485842,0.1
254,1.3999999999999998e-08,5.25e-08,0.00375,4,0.0014122605070728722,5.20070353305482e-10,0.10022354694485842,0.1
255,1.3999999999999998e-08,5.4999999999999996e-08,0.00375,4,0.001549963912524422,6.065061076675351e-10,0.10022354694485842,0.1
256,1.3999999999999998e-08,5.75e-08,0.00375,4,0.0016940721275318581,7.093611824248616e-10,0.10022354694485842,0.1
257,1.3999999999999998e-08,6e-08,0.00375,4,0.0018445851520951797,8.333982036105282e-10,0.10022354694485842,0.1
258,1.3999999999999998e-08,6.25e-08,0.00375,4,0.002001502986214388,9.854503410102005e-10,0.10022354694485842,0.1
259,1.3999999999999998e-08,6.5e-08,0.00375,4,0.0021648256298894817,1.1756803939526386e-09,0.10022354694485842,0.1
260,1.3999999999999998e-08,6.75e-08,0.00375,4,0.0023345530831204624,1.419886281671265e-09,0.10022354694485842,0.1
261,1.3999999999999998e-08,6.999999999999999e-08,0.00375,4,0.0025106853459073274,1.74403059520078e-09,0.10022354694485842,0.1
262,1.3999999999999998e-08,7.25e-08,0.00375,4,0.0026932224182500803,2.1939767745804463e-09,0.10022354694485842,0.1
263,1.3999999999999998e-08,7.5e-08,0.00375,4,0.0028821643001487184,2.859068887637714e-09,0.10022354694485842,0.1
264,1.3999999999999998e-08,7.75e-08,0.00375,4,0.003077510991603243,3.9396516181624715e-09,0.10022354694485842,0.1
265,1.3999999999999998e-08,8e-08,0.00375,4,0.0032792624926136532,5.997092879284058e-09,0.10022354694485842,0.1
266,1.3999999999999998e-08,8.25e-08,0.00375,4,0.00348741880317995,1.1433623258938322e-08,0.10022354694485842,0.1
267,1.3999999999999998e-08,8.500000000000001e-08,0.00375,4,0.0037019799233021324,6.63673697871727e-08,0.10022354694485842,0.1
268,1.3999999999999998e-08,8.75e-08,0.00375,4,0.0039229458529802,-1.9527451046933876e-08,0.10022354694485842,0.1
269,1.3999999999999998e-08,9e-08,0.00375,4,0.004150316592214155,-8.925263204394481e-09,0.10022354694485842,0.1
270,1.3999999999999998e-08,9.25e-08,0.00375,4,0.004384092141003995,-5.9521065814021486e-09,0.10022354694485842,0.1
271,1.3999999999999998e-08,9.499999999999999e-08,0.00375,4,0.004624272499349721,-4.5534439732064185e-09,0.10022354694485842,0.1
272,1.3999999999999998e-08,9.749999999999999e-08,0.00375,4,0.004870857667251333,-3.741091831166327e-09,0.10022354694485842,0.1
273,1.3999999999999998e-08,1e-07,0.00375,4,0.005123847644708832,-3.2107096313944948e-09,0.10022354694485842,0.1
274,1.5e-08,5e-08,0.00375,4,0.0013724591905470089,4.969524731406659e-10,0.10022354694485842,0.1
275,1.5e-08,5.25e-08,0.00375,4,0.0015131362575780776,5.823470831210774e-10,0.10022354694485842,0.1
276,1.5e-08,5.4999999999999996e-08,0.00375,4,0.0016606756205618804,6.842618619793292e-10,0.10022354694485842,0.1
277,1.5e-08,5.75e-08,0.00375,4,0.0018150772794984194,8.075601738186018e-10,0.10022354694485842,0.1
278,1.5e-08,6e-08,0.00375,4,0.0019763412343876924,9.592576225751034e-10,0.10022354694485842,0.1
279,1.5e-08,6.25e-08,0.00375,4,0.002144467485229701,1.1498567982711131e-09,0.10022354694485842,0.1
280,1.5e-08,6.5e-08,0.00375,4,0.002319456032024445,1.3958165088061852e-09,0.10022354694485842,0.1
281,1.5e-08,6.75e-08,0.00375,4,0.002501306874771924,1.7244660658524664e-09,0.10022354694485842,0.1
282,1.5e-08,6.999999999999999e-08,0.00375,4,0.0026900200134721366,2.1847474561069483e-09,0.10022354694485842,0.1
283,1.5e-08,7.25e-08,0.00375,4,0.002885595448125086,2.8738347751652104e-09,0.10022354694485842,0.1
284,1.5e-08,7.5e-08,0.00375,4,0.00308803317873077,4.0159577208363834e-09,0.10022354694485842,0.1
285,1.5e-08,7.75e-08,0.00375,4,0.0032973332052891892,6.270867069845167e-09,0.10022354694485842,0.1
286,1.5e-08,8e-08,0.00375,4,0.0035134955278003435,1.2789201921255436e-08,0.10022354694485842,0.1
287,1.5e-08,8.25e-08,0.00375,4,0.003736520146264232,2.3863027677438966e-07,0.10022354694485842,0.1
288,1.5e-08,8.500000000000001e-08,0.00375,4,0.003966407060680856,-1.577862856521889e-08,0.10022354694485842,0.1
289,1.5e-08,8.75e-08,0.00375,4,0.004203156271050214,-7.984926803382528e-09,0.10022354694485842,0.1
290,1.5e-08,9e-08,0.00375,4,0.004446767777372309,-5.49414084366617e-09,0.10022354694485842,0.1
291,1.5e-08,9.25e-08,0.00375,4,0.004697241579647138,-4.268993955086183e-09,0.10022354694485842,0.1
292,1.5e-08,9.499999999999999e-08,0.00375,4,0.004954577677874701,-3.540912763948847e-09,0.10022354694485842,0.1
293,1.5e-08,9.749999999999999e-08,0.00375,4,0.005218776072055001,-3.058837954535304e-09,0.10022354694485842,0.1
294,1.5e-08,1e-07,0.00375,4,0.0054898367621880355,-2.7164037705804706e-09,0.10022354694485842,0.1
295,1.5999999999999998e-08,5e-08,0.00375,4,0.001463956469916809,5.512988216026502e-10,0.10022354694485842,0.1
296,1.5999999999999998e-08,5.25e-08,0.00375,4,0.0016140120080832825,6.505060668472114e-10,0.10022354694485842,0.1
297,1.5999999999999998e-08,5.4999999999999996e-08,0.00375,4,0.0017713873285993388,7.70719139832369e-10,0.10022354694485842,0.1
298,1.5999999999999998e-08,5.75e-08,0.00375,4,0.0019360824314649803,9.188607350771288e-10,0.10022354694485842,0.1
299,1.5999999999999998e-08,6e-08,0.00375,4,0.0021080973166802052,1.1053164652093639e-09,0.10022354694485842,0.1
300,1.5999999999999998e-08,6.25e-08,0.00375,4,0.002287431984245015,1.3464043751845795e-09,0.10022354694485842,0.1
301,1.5999999999999998e-08,6.5e-08,0.00375,4,0.0024740864341594076,1.6693100561309592e-09,0.10022354694485842,0.1
302,1.5999999999999998e-08,6.75e-08,0.00375,4,0.0026680606664233855,2.1229325076241644e-09,0.10022354694485842,0.1
303,1.5999999999999998e-08,6.999999999999999e-08,0.00375,4,0.0028693546810369458,2.8049595349832255e-09,0.10022354694485842,0.1
304,1.5999999999999998e-08,7.25e-08,0.00375,4,0.0030779684780000913,3.942919587813921e-09,0.10022354694485842,0.1
305,1.5999999999999998e-08,7.5e-08,0.00375,4,0.0032939020573128207,6.217216126638252e-09,0.10022354694485842,0.1
306,1.5999999999999998e-08,7.75e-08,0.00375,4,0.0035171554189751346,1.3003756281013358e-08,0.10022354694485842,0.1
307,1.5999999999999998e-08,8e-08,0.00375,4,0.003747728562987032,1.420400534333402e-06,0.10022354694485842,0.1
308,1.5999999999999998e-08,8.25e-08,0.00375,4,0.003985621489348513,-1.4562118191573074e-08,0.10022354694485842,0.1
309,1.5999999999999998e-08,8.500000000000001e-08,0.00375,4,0.004230834198059579,-7.574850303973134e-09,0.10022354694485842,0.1
310,1.5999999999999998e-08,8.75e-08,0.00375,4,0.004483366689120229,-5.2629164769517186e-09,0.10022354694485842,0.1
311,1.5999999999999998e-08,9e-08,0.00375,4,0.004743218962530463,-4.111228049273749e-09,0.10022354694485842,0.1
312,1.5999999999999998e-08,9.25e-08,0.00375,4,0.00501039101829028,-3.4222341216027094e-09,0.10022354694485842,0.1
313,1.5999999999999998e-08,9.499999999999999e-08,0.00375,4,0.005284882856399681,-2.964172860120839e-09,0.10022354694485842,0.1
314,1.5999999999999998e-08,9.749999999999999e-08,0.00375,4,0.005566694476858667,-2.637903395436452e-09,0.10022354694485842,0.1
315,1.5999999999999998e-08,1e-07,0.00375,4,0.005855825879667236,-2.393917021223764e-09,0.10022354694485842,0.1
316,1.7e-08,5e-08,0.00375,4,0.0015554537492866102,6.101768977749427e-10,0.10022354694485842,0.1
317,1.7e-08,5.25e-08,0.00375,4,0.0017148877585884878,7.254220131596222e-10,0.10022354694485842,0.1
318,1.7e-08,5.4999999999999996e-08,0.00375,4,0.0018820990366367977,8.674251761486465e-10,0.10022354694485842,0.1
319,1.7e-08,5.75e-08,0.00375,4,0.002057087583431542,1.046072268689857e-09,0.10022354694485842,0.1
320,1.7e-08,6e-08,0.00375,4,0.0022398533989727186,1.2768617617767439e-09,0.10022354694485842,0.1
321,1.7e-08,6.25e-08,0.00375,4,0.0024303964832603285,1.5855394801087807e-09,0.10022354694485842,0.1
322,1.7e-08,6.5e-08,0.00375,4,0.002628716836294371,2.0182357843232087e-09,0.10022354694485842,0.1
323,1.7e-08,6.75e-08,0.00375,4,0.0028348144580748478,2.666606204028678e-09,0.10022354694485842,0.1
324,1.7e-08,6.999999999999999e-08,0.00375,4,0.0030486893486017554,3.7423649340042926e-09,0.10022354694485842,0.1
325,1.7e-08,7.25e-08,0.00375,4,0.0032703415078750974,5.86954403743015e-09,0.10022354694485842,0.1
326,1.7e-08,7.5e-08,0.00375,4,0.003499770935894872,1.2040520605244503e-08,0.10022354694485842,0.1
327,1.7e-08,7.75e-08,0.00375,4,0.0037369776326610813,2.470437967008472e-07,0.10022354694485842,0.1
328,1.7e-08,8e-08,0.00375,4,0.003981961598173722,-1.477829636714063e-08,0.10022354694485842,0.1
329,1.7e-08,8.25e-08,0.00375,4,0.004234722832432797,-7.52098824516571e-09,0.10022354694485842,0.1
330,1.7e-08,8.500000000000001e-08,0.00375,4,0.004495261335438304,-5.1926583726694844e-09,0.10022354694485842,0.1
331,1.7e-08,8.75e-08,0.00375,4,0.004763577107190243,-4.045943401558412e-09,0.10022354694485842,0.1
332,1.7e-08,9e-08,0.00375,4,0.005039670147688616,-3.3640842344188673e-09,0.10022354694485842,0.1
333,1.7e-08,9.25e-08,0.00375,4,0.005323540456933423,-2.9125007247164456e-09,0.10022354694485842,0.1
334,1.7e-08,9.499999999999999e-08,0.00375,4,0.005615188034924661,-2.591702095199336e-09,0.10022354694485842,0.1
335,1.7e-08,9.749999999999999e-08,0.00375,4,0.005914612881662334,-2.3522825282860073e-09,0.10022354694485842,0.1
336,1.7e-08,1e-07,0.00375,4,0.006221814997146441,-2.166928228576641e-09,0.10022354694485842,0.1
337,1.8e-08,5e-08,0.00375,4,0.0016469510286564104,6.741781868231106e-10,0.10022354694485842,0.1
338,1.8e-08,5.25e-08,0.00375,4,0.0018157635090936932,8.081521045826256e-10,0.10022354694485842,0.1
339,1.8e-08,5.4999999999999996e-08,0.00375,4,0.0019928107446742565,9.76317139991692e-10,0.10022354694485842,0.1
340,1.8e-08,5.75e-08,0.00375,4,0.002178092735398103,1.1928692464357733e-09,0.10022354694485842,0.1
341,1.8e-08,6e-08,0.00375,4,0.0023716094812652306,1.481202025959209e-09,0.10022354694485842,0.1
342,1.8e-08,6.25e-08,0.00375,4,0.0025733609822756417,1.882785577372132e-09,0.10022354694485842,0.1
343,1.8e-08,6.5e-08,0.00375,4,0.002783347238429334,2.4787931713914594e-09,0.10022354694485842,0.1
344,1.8e-08,6.75e-08,0.00375,4,0.0030015682497263087,3.45254554526577e-09,0.10022354694485842,0.1
345,1.8e-08,6.999999999999999e-08,0.00375,4,0.003228024016166564,5.323896847706317e-09,0.10022354694485842,0.1
346,1.8e-08,7.25e-08,0.00375,4,0.003462714537750103,1.0376393604609367e-08,0.10022354694485842,0.1
347,1.8e-08,7.5e-08,0.00375,4,0.0037056398144769236,7.191396705311118e-08,0.10022354694485842,0.1
348,1.8e-08,7.75e-08,0.00375,4,0.003956799846347028,-1.6471656125706872e-08,0.10022354694485842,0.1
349,1.8e-08,8e-08,0.00375,4,0.004216194633360411,-7.785684091055504e-09,0.10022354694485842,0.1
350,1.8e-08,8.25e-08,0.00375,4,0.004483824175517078,-5.26017212596402e-09,0.10022354694485842,0.1
351,1.8e-08,8.500000000000001e-08,0.00375,4,0.004759688472817027,-4.058210097037883e-09,0.10022354694485842,0.1
352,1.8e-08,8.75e-08,0.00375,4,0.005043787525260256,-3.356117987706076e-09,0.10022354694485842,0.1
353,1.8e-08,9e-08,0.00375,4,0.00533612133284677,-2.8962275898585544e-09,0.10022354694485842,0.1
354,1.8e-08,9.25e-08,0.00375,4,0.0056366898955765654,-2.5719766159774714e-09,0.10022354694485842,0.1
355,1.8e-08,9.499999999999999e-08,0.00375,4,0.005945493213449641,-2.3313054845034587e-09,0.10022354694485842,0.1
356,1.8e-08,9.749999999999999e-08,0.00375,4,0.006262531286466001,-2.1457633678589002e-09,0.10022354694485842,0.1
357,1.8e-08,1e-07,0.00375,4,0.0065878041146256415,-1.998488528497559e-09,0.10022354694485842,0.1
358,1.8999999999999998e-08,5e-08,0.00375,4,0.001738448308026211,7.440017909004509e-10,0.10022354694485842,0.1
359,1.8999999999999998e-08,5.25e-08,0.00375,4,0.0019166392595988983,8.999861981561641e-10,0.10022354694485842,0.1
360,1.8999999999999998e-08,5.4999999999999996e-08,0.00375,4,0.002103522452711715,1.0998532334537196e-09,0.10022354694485842,0.1
361,1.8999999999999998e-08,5.75e-08,0.00375,4,0.0022990978873646643,1.3641519430261024e-09,0.10022354694485842,0.1
362,1.8999999999999998e-08,6e-08,0.00375,4,0.002503365563557744,1.72873550200278e-09,0.10022354694485842,0.1
363,1.8999999999999998e-08,6.25e-08,0.00375,4,0.002716325481290955,2.262254151073393e-09,0.10022354694485842,0.1
364,1.8999999999999998e-08,6.5e-08,0.00375,4,0.002937977640564297,3.1147550239674885e-09,0.10022354694485842,0.1
365,1.8999999999999998e-08,6.75e-08,0.00375,4,0.0031683220413777705,4.689106620459453e-09,0.10022354694485842,0.1
366,1.8999999999999998e-08,6.999999999999999e-08,0.00375,4,0.0034073586837313737,8.560941313575492e-09,0.10022354694485842,0.1
367,1.8999999999999998e-08,7.25e-08,0.00375,4,0.003655087567625109,3.31526370696209e-08,0.10022354694485842,0.1
368,1.8999999999999998e-08,7.5e-08,0.00375,4,0.003911508693058975,-2.0849315130885266e-08,0.10022354694485842,0.1
369,1.8999999999999998e-08,7.75e-08,0.00375,4,0.004176622060032972,-8.428014346086552e-09,0.10022354694485842,0.1
370,1.8999999999999998e-08,8e-08,0.00375,4,0.0044504276685471,-5.469931027881332e-09,0.10022354694485842,0.1
371,1.8999999999999998e-08,8.25e-08,0.00375,4,0.0047329255186013604,-4.145266497642839e-09,0.10022354694485842,0.1
372,1.8999999999999998e-08,8.500000000000001e-08,0.00375,4,0.005024115610195752,-3.3946435963865e-09,0.10022354694485842,0.1
373,1.8999999999999998e-08,8.75e-08,0.00375,4,0.005323997943330271,-2.911904416524772e-09,0.10022354694485842,0.1
374,1.8999999999999998e-08,9e-08,0.00375,4,0.005632572518004924,-2.5757189549366767e-09,0.10022354694485842,0.1
375,1.8999999999999998e-08,9.25e-08,0.00375,4,0.0059498393342197085,-2.328400435968837e-09,0.10022354694485842,0.1
376,1.8999999999999998e-08,9.499999999999999e-08,0.00375,4,0.006275798391974621,-2.1390143483034767e-09,0.10022354694485842,0.1
377,1.8999999999999998e-08,9.749999999999999e-08,0.00375,4,0.006610449691269667,-1.9894823340288037e-09,0.10022354694485842,0.1
378,1.8999999999999998e-08,1e-07,0.00375,4,0.006953793232104844,-1.8685326460148464e-09,0.10022354694485842,0.1
379,2e-08,5e-08,0.00375,4,0.0018299455873960115,8.204800707691987e-10,0.10022354694485842,0.1
380,2e-08,5.25e-08,0.00375,4,0.0020175150101041034,1.0025145640209193e-09,0.10022354694485842,0.1
381,2e-08,5.4999999999999996e-08,0.00375,4,0.0022142341607491738,1.2412004952096432e-09,0.10022354694485842,0.1
382,2e-08,5.75e-08,0.00375,4,0.0024201030393312256,1.5666041051361253e-09,0.10022354694485842,0.1
383,2e-08,6e-08,0.00375,4,0.0026351216458502568,2.034775883159996e-09,0.10022354694485842,0.1
384,2e-08,6.25e-08,0.00375,4,0.002859289980306268,2.7635368580655577e-09,0.10022354694485842,0.1
385,2e-08,6.5e-08,0.00375,4,0.00309260804269926,4.049896189324003e-09,0.10022354694485842,0.1
386,2e-08,6.75e-08,0.00375,4,0.003335075833029232,6.919590269035955e-09,0.10022354694485842,0.1
387,2e-08,6.999999999999999e-08,0.00375,4,0.0035866933512961824,1.8907485579811087e-08,0.10022354694485842,0.1
388,2e-08,7.25e-08,0.00375,4,0.0038474605975001145,-3.398509653758702e-08,0.10022354694485842,0.1
389,2e-08,7.5e-08,0.00375,4,0.004117377571641026,-9.648314511739062e-09,0.10022354694485842,0.1
390,2e-08,7.75e-08,0.00375,4,0.004396444273718918,-5.854824433634315e-09,0.10022354694485842,0.1
391,2e-08,8e-08,0.00375,4,0.00468466070373379,-4.314868398280048e-09,0.10022354694485842,0.1
392,2e-08,8.25e-08,0.00375,4,0.0049820268616856435,-3.4812024833544116e-09,0.10022354694485842,0.1
393,2e-08,8.500000000000001e-08,0.00375,4,0.005288542747574475,-2.9591695429606327e-09,0.10022354694485842,0.1
394,2e-08,8.75e-08,0.00375,4,0.005604208361400286,-2.601951129229888e-09,0.10022354694485842,0.1
395,2e-08,9e-08,0.00375,4,0.005929023703163078,-2.3424192517378354e-09,0.10022354694485842,0.1
396,2e-08,9.25e-08,0.00375,4,0.0062629887728628516,-2.1455294567635076e-09,0.10022354694485842,0.1
397,2e-08,9.499999999999999e-08,0.00375,4,0.006606103570499603,-1.991199721098016e-09,0.10022354694485842,0.1
398,2e-08,9.749999999999999e-08,0.00375,4,0.0069583680960733345,-1.86709582000632e-09,0.10022354694485842,0.1
399,2e-08,1e-07,0.00375,4,0.007319782349584046,-1.7652240120662764e-09,0.10022354694485842,0.1
